Model,CV_Accuracy_No_SMOTE,CV_Std_No_SMOTE,CV_Accuracy_SMOTE,CV_Std_SMOTE,CV_F1_No_SMOTE,CV_F1_SMOTE
Logistic Regression,0.6888888888888888,0.12957670877434,0.6888888888888888,0.12957670877434,0.6680674880674881,0.6680674880674881
Random Forest,0.6888888888888889,0.12957670877434,0.711111111111111,0.11331154474650632,0.6503607503607504,0.7028860028860029
Naive Bayes,0.6222222222222222,0.08888888888888888,0.6666666666666666,0.15713484026367722,0.4923809523809524,0.642959262959263
SVM,0.6888888888888888,0.12957670877434,0.6444444444444445,0.10886621079036347,0.6680674880674881,0.5936507936507937
Neural Network,0.6222222222222222,0.11331154474650633,0.5777777777777777,0.14740554623801777,0.5305531505531504,0.5123280423280423
